[{"번호":"1","명소명":"국립수목원","권역명":"0","위도":"37.7519335","경도":"127.1681204","반경":"50","서브타이틀":"유네스코 생물권 보전지역 국립수목원","소개내용":"광릉수목원으로 알려진 산림생물종다양성의 보고인 국립수목원은 1120ha에 조성된 산림박물관 뿐 아니라 21개의 전문 전시원이 조성되어 있으며, 백두산호랑이등 12종의 야생동물이 있는 산림동물보존원까지 보유하고 있다. 세계적 희귀조인 크낙새의 서식지로 알려져 있으며, 하늘다람쥐, 장수하늘소 등 천연기념물 20종이 서식하고 있다."},{"번호":"2","명소명":"더파크아프리카뮤지엄","권역명":"0","위도":"37.7758725","경도":"127.1395143","반경":"50","서브타이틀":"아프리카로 떠나자 아프리카예술박물관","소개내용":"아프리카의 유물, 민속공예품, 민속공연, 세계동물박제가 함께하는 박물관이 탄생했다. 1, 2층 전시관에는 왕족, 족장을 비롯해 사냥에 관련된 유물과 악기, 각종 생활용품들이 용도별로 전시되어 있으며 혼례 및 장례 등과 관련된 제례의식 물품과 다양한 아프리카민속공예품도 아울러 전시되어 있다. 400석 규모 공연장에서는 서부 아프리카 일대 여러 부족의 토속춤 공연을 하고 있으며 아프리카 전통 춤 및 악기 배우기, 야외 연못에는 잉어먹이주기 체험, 바오밥목공예페인팅도 경험해 볼 수있다."},{"번호":"3","명소명":"베어스타운","권역명":"0","위도":"37.7973653","경도":"127.2470249","반경":"50","서브타이틀":"4계절 언제나 즐거움이 가득한 베어스타운","소개내용":"아름다운 주금산 자락에 위치한 베어스타운은 수도권에서 50분거리의 4계절 종합휴양리조트이다. 베어스타운에는 581실 규모의 숙박시설(콘도533실, 유스호스텔48실) 및 스키장, 골프장, 골프연습장,수영장,탁구장 등 레저시설과 야외바베큐장, 세미나실, 사우나, 카페테리아 식당, 편의점 등 각종 부대시설이 있다. 특히 타워콘도 일부 객실과 빌라콘도는 최근 최신시설로 리뉴얼하여 더욱 안락하고 고급스럽게 새단장되어, 찾으시는 고객님들께 만족을 드리고 있다. "},{"번호":"4","명소명":"비둘기낭","권역명":"0","위도":"38.0798562","경도":"127.2169767","반경":"50","서브타이틀":"천혜의 비경 비둘기낭","소개내용":"비둘기낭 폭포는 불무산에서 발원한 대회산천의 하류에 현무암의 침식으로 형성되었으며, 그 이름은 예전부터 양비둘기들이 이 협곡의 대형동굴과 현무암절리 등 크고 작은 수직절벽에서 서식한다고 하여 붙여진 이름이다. 비둘기낭은 400여 미터 가량 주상절리 협곡과 폭포, 맑은 물이 장관을 이루는 곳으로 각종 드라마와 영화촬영지로도 유명하다."},{"번호":"5","명소명":"산사원","권역명":"0","위도":"37.9056666","경도":"127.309107","반경":"50","서브타이틀":"전통술의 모든 것 산사원","소개내용":"전통술 관련 유물을 주로 전시하고 있으며, 각종 체험, 교육, 양조, 관광 등 복합적으로 어우러진 문화 체험 프로그램을 진행하고 있다. 20여가지 전통술 시음이 가능하고 술빚고 남은 지게미를 활용한 음식도 맛볼 수 있다. 또한 직접술을 빚어 보는 가양주교실도 진행한다."},{"번호":"6","명소명":"산정호수","권역명":"0","위도":"38.0673495","경도":"127.3174574","반경":"50","서브타이틀":"대한민국 대표 관광지 산정호수","소개내용":"1977년 국민 관광지로 지정되어 연간 150만 명의 관광객이 찾는 산정호수는 맑은 수질과 아름다운 산세를 자랑한다. 명성산을 비롯한 조각공원, 보트장, 놀이공원 등이 조성되어 있는 아름다운 관광지이다."},{"번호":"7","명소명":"신북온천 스프링폴","권역명":"0","위도":"37.9741171","경도":"127.1042769","반경":"50","서브타이틀":"수도권 최대! 100% 천연 온천수의 신북리조트","소개내용":"신북온천이 사철 북적이는 이유는 ‘스프링폴(Spring Fall)’이라는 이름의 워터파크와 온천풀 덕분이다. 스프링폴의 여러 시설 가운데 우선 실내에 마련된 바데풀은 독일 바데하우스를 닮은 시설과 효능을 갖추고 있다. 중앙의 워터폴을 중심으로 목의 근육을 풀어주는 넥샤워, 기포욕 등을 바데풀 곳곳에서 즐길 수 있다.. 30~40℃의 적정한 수온으로 근육을 풀어줄 뿐만아니라, 풀에 몸을 담그고 가벼운 운동을 하며 심신의 스트레스를 없애는데 그만이기때문에 관광객들에게 많은 인기를 끌고 있다."},{"번호":"8","명소명":"어메이징 파크","권역명":"0","위도":"37.9261715","경도":"127.1422566","반경":"50","서브타이틀":"과학과 놀이 자연과 공존하는 어메이징 파크","소개내용":"천혜의 자연속에 위치한 어메이징 파크의 모든 기구물들은 직접 체험 형식으로 제작되어 유아부터 어른까지 기구에 대한 기초 지식 습득은 물론 공학 기구와 밀접한 유대감을 조성해 과학과 사람, 자연과 사람이 만나는 고리 역할을 한다. 창의적 과학놀이터인 어메이징파크는 Science Zone, Nature Zone, Relaxation Zone 등 여러 테마존이 조성되어 있어 어린이에게는 기초 공학 습득 및 체험과 어른에게는 자연과 함께하는 힐링코스로 온 가족이 함께 즐길 수 있는 공간이다."},{"번호":"9","명소명":"평강식물원","권역명":"0","위도":"38.0496077","경도":"127.3046672","반경":"50","서브타이틀":"동양최대 고산식물 전시원 평강식물원","소개내용":"한국 자생식물과 전세계의 식물 7,000여 종이 전시되어 있으며 동양 최대 규모의 고산식물 전시원 인암석원, 자연생태를 복원한 습지원, 40여 개의 연못과 화려한 꽃들로 구성된 연못정원, 자연형 계류를 복원한 이끼원, 사철 푸르름을 뽐내는 잔디 광장 등 12개의 테마로 구성된 종합생태식물원이다."},{"번호":"10","명소명":"포천 아트밸리","권역명":"0","위도":"37.9238842","경도":"127.2413383","반경":"50","서브타이틀":"채석장의 재발견 포천아트밸리","소개내용":"방치된 폐채석장을 친환경 문화예술 공간으로 조성한 곳으로 산 정상에 화강암을 파헤친 구덩이에 물이 고여 생긴 에메랄드 빛 천주호와 기암절벽, 전망대, 모노레일 등 수려한 자연경관 및 즐길거리를 자랑하고 있다. 또한 포천 화강암을 이용한 조각 작품들이 있는 조각 공원 및 천문과학관과 주말공연 창작체험 등 볼거리, 즐길거리가 다양하다."},{"번호":"11","명소명":"한가원","권역명":"0","위도":"38.0685541","경도":"127.3034601","반경":"50","서브타이틀":"한과를 즐기고 느낄수 있는 아름다운 동산 한가원","소개내용":"한과의 역사와 제작 과정 등 한과에 대한 모든 것을 배우고 직접 한과 만들기 체험도 할 수 있는 국내 유일의 한과 박물관이다."},{"번호":"12","명소명":"허브아일랜드","권역명":"0","위도":"37.9664777","경도":"127.1310079","반경":"50","서브타이틀":"지중해의 '생활 속의 허브' 허브아일랜드","소개내용":"1998년 개장한 허브아일랜드는 지중해의 '생활 속의 허브'를 테마로 운영되고 있는 허브테마파크로 13만평의 부지에 허브식물박물관(2000평 규모에 340여종 허브관람),베네치아마을,산타마을, 추억의 거리,허브힐링센터를 비롯한 허브정원이 있으며 허브비빔밥,허브갈비,허브마늘스틱등의 다양한 먹거리가 있어 오감만족체험이 가능한 관광지이다."},{"번호":"13","명소명":"화적연","권역명":"0","위도":"38.1160359","경도":"127.2620872","반경":"50","서브타이틀":"겸재 정선도 감탄한 화적연","소개내용":"영평8경 중 한 곳으로 연못 위로 높이가 13m에 달하는 화강암괴가 솟아있는데 그 모양이 연못 한가운데 볏 짚단을 쌓아 올린 것 같다고 하여 \"화적연(禾積淵)\"이라 불려지고 있다. 이와 함께 짙은 색의 현무암 절벽과 밝은 색의 화강암, 짙푸른 빛의 물이 서로 어우러져 한탄강변의 지형 경관 중에서도 뛰어난 모습을 보여주고 있다."}]
